Total cases,Johor,Kedah,Kelantan,Malacca,Negeri Sembilan,Pahang,Penang,Perak,Perlis,Sabah,Sarawak,Selangor,Terengganu,Kuala Lumpur,Putrajaya,Labuan,Date
1,1,,,,,,,,,,,,,,,,2020-01-25
1,,,,0.1,,,,,,,,,,,,,2020-03-13
1,,0.3333333333333333,,,,,,,,,,,,,,,2020-01-28
1,,,,,,,,,,,,,,,0.0,,2020-03-14
1,,,,,,,,,0.1,,,,,,,,2020-03-13
1,,0.0,,,,,,,,,,,,,,,2020-01-30
1,,,,,,,,,,,,,,,0.1,,2020-03-13
1,,0.0,,,,,,,,,,,,,,,2020-02-03
1,,,,,,,,,,,,,,0.25,,,2020-02-03
2,,,,,0.0,,,,,,,,,,,,2020-02-07
2,,,,,0.0,,,,,,,,,,,,2020-03-03
2,,0.0,,,,,,,,,,,,,,,2020-02-08
2,,,,,0.0,,,,,,,,,,,,2020-02-08
2,,,,,0.0,,,,,,,,,,,,2020-02-28
2,,0.0,,,,,,,,,,,,,,,2020-02-07
2,,,,,0.0,,,,,,,,,,,,2020-02-27
2,,0.0,,,,,,,,,,,,,,,2020-02-09
2,,,,,0.0,,,,,,,,,,,,2020-02-09
2,,,,,0.0,,,,,,,,,,,,2020-02-15
2,,,,,0.0,,,,,,,,,,,,2020-02-14
2,,,,,0.0,,,,,,,,,,,,2020-03-01
2,,,,,,0.2,,,,,,,,,,,2020-03-13
2,,,,,0.0,,,,,,,,,,,,2020-02-06
2,,,,,,,,0.2,,,,,,,,,2020-03-13
2,,,,,0.0,,,,,,,,,,,,2020-02-13
2,,0.0,,,,,,,,,,,,,,,2020-02-06
2,,,,,,,,,,,,,,0.5,,,2020-02-05
2,,,,,1.0,,,,,,,,,,,,2020-02-05
2,,0.5,,,,,,,,,,,,,,,2020-02-05
2,,,,,,,,,,,,,,,,0.2,2020-03-13
2,,,,,,0.0,,,,,,,,,,,2020-03-14
2,,,,,,,,0.0,,,,,,,,,2020-03-14
2,,,,,,,,,1.0,,,,,,,,2020-03-14
2,0.3333333333333333,,,,,,,,,,,,,,,,2020-01-28
2,,,,,,,,,,,,,,,,0.0,2020-03-14
2,,,,,,,,,,,,,,0.0,,,2020-02-06
2,,0.0,,,,,,,,,,,,,,,2020-02-13
3,,,0.3,,,,,,,,,,,,,,2020-03-13
3,,,0.0,,,,,,,,,,,,,,2020-03-14
3,,,,,,,,,,,,,,,1.0,,2020-03-16
3,0.0,,,,,,,,,,,,,,,,2020-02-03
3,,,,,,,,,,,,,,0.0,,,2020-02-09
3,,,,,,,,,,,,3,,,,,2020-01-25
3,,,,,,,,,,,,,,1.0,,,2020-02-07
3,0.5,,,,,,,,,,,,,,,,2020-01-30
3,,,,,,,,,,,,,,0.0,,,2020-02-08
3,0.0,,,,,,,,,,,,,,,,2020-02-05
4,,0.0,,,,,,,,,,,,,,,2020-03-01
4,0.0,,,,,,,,,,,,,,,,2020-03-03
4,,0.0,,,,,,,,,,,,,,,2020-03-03
4,0.0,,,,,,,,,,,,,,,,2020-02-08
4,0.0,,,,,,,,,,,,,,,,2020-02-13
4,0.0,,,,,,,,,,,,,,,,2020-02-07
4,,,,,,,,,,,,0.0,,,,,2020-01-30
4,,,,,,,,,,,,0.3333333333333333,,,,,2020-01-28
4,,,,,,,,,,,,,,,0.0,,2020-03-18
4,,,,,,,,,,,,,,,,0.0,2020-03-17
4,,,,,,,,,,,,,,,1.0,,2020-03-17
4,,,,,,,,,,,,,2.0,,,,2020-03-16
4,1.0,,,,,,,,,,,,,,,,2020-02-06
4,0.0,,,,,,,,,,,,,,,,2020-03-01
4,0.0,,,,,,,,,,,,,,,,2020-02-28
4,0.0,,,,,,,,,,,,,,,,2020-02-15
4,,0.0,,,,,,,,,,,,,,,2020-02-28
4,,,,,,,,,,,,,,0.25,,,2020-02-13
4,0.0,,,,,,,,,,,,,,,,2020-02-14
4,,2.0,,,,,,,,,,,,,,,2020-02-14
4,,,,,,,,,,,,,,,,1.0,2020-03-16
4,,,,,,,,,,,,,,0.0,,,2020-02-15
4,,,,,,,,,,,,,,0.0,,,2020-02-14
4,0.0,,,,,,,,,,,,,,,,2020-02-27
4,,0.0,,,,,,,,,,,,,,,2020-02-27
4,,0.0,,,,,,,,,,,,,,,2020-02-15
4,0.0,,,,,,,,,,,,,,,,2020-02-09
5,,,,,,,,,,,,0.0,,,,,2020-02-05
5,,,,,,,,,,,,,,,,0.0,2020-03-21
5,,,,,,,,,,,,,,,,0.0,2020-03-23
5,,,,,,,,,,,,,,,,0.0,2020-03-20
5,,,,,,,,,,,,,,,,0.0,2020-03-19
5,,,,,,,,,,,,,,,,1.0,2020-03-18
5,,0.0,,,,,,,,,,,,,,,2020-03-14
5,,,,,,,,,,,,,,,,0.0,2020-03-27
5,,,,,,,,,,,,0.25,,,,,2020-02-03
5,,,,,,,,,,,,,,,,0.0,2020-03-22
5,,,,,,,,,,,,,,,,0.0,2020-03-24
5,,0.1,,,,,,,,,,,,,,,2020-03-13
5,,,,,,,,,,,,,,0.08333333333333333,,,2020-02-27
5,,,,,,,,,,,,,,,,0.0,2020-03-26
5,,,,,,,,,,,,,,,,0.0,2020-03-25
5,,,,,,,,,,,,0.0,,,,,2020-02-06
5,,,,,,,,,,,,0.0,,,,,2020-02-07
6,,,,,,,,,,,,,,1.0,,,2020-02-28
6,,,,5.0,,,,,,,,,,,,,2020-03-14
6,,,,,,,,,,,,,,,0.0,,2020-03-20
6,,,,,,,,,,,,1.0,,,,,2020-02-08
6,,,,,,,,,,,,,,,2.0,,2020-03-19
6,,,,,,,,,,,6.0,,,,,,2020-03-14
7,,,,,,,,,,,,,3.0,,,,2020-03-17
7,,,,,,,,,,,,0.0,,,,,2020-02-14
7,,,,,,,,,,,,,,0.5,,,2020-03-01
7,,,,,,,,,,,,0.0,,,,,2020-02-13
7,,,,,,,,,,,,1.0,,,,,2020-02-09
7,,,,,,,0.0,,,,,,,,,,2020-03-14
7,,,,,,,0.7,,,,,,,,,,2020-03-13
8,,,,,,,,,,,,0.0,,,,,2020-02-27
8,,,,,,,,,0.0,,,,,,,,2020-03-18
8,,,,,,,,,,,,1.0,,,,,2020-02-15
8,,,,,,,,,3.0,,,,,,,,2020-03-16
8,,,,,,,,,0.0,,,,,,,,2020-03-17
9,,,,,,,,,0.0,,,,,,,,2020-03-20
9,,,,,,,,,0.0,,,,,,,,2020-03-21
9,,,,,,,,,1.0,,,,,,,,2020-03-19
9,,,,,,,,,0.0,,,,,,,,2020-03-24
9,,,,,,,,,,,,,,,3.0,,2020-03-21
9,,,,,,,,,,,,,,,0.0,,2020-03-22
9,,,,,,,,,0.0,,,,,,,,2020-03-22
9,,,,,,,,,0.0,,,,,,,,2020-03-23
9,,,,,,,,,,,,1.0,,,,,2020-02-28
9,,,,,,,,,,,,,,1.0,,,2020-03-03
10,,,,,,,,,,,,,,,,0.0,2020-04-01
10,,,,,,,,,,,,,,,,0.0,2020-04-02
10,,,,,,,,,,,,,3.0,,,,2020-03-18
10,,,,,,,,,,,,,,,,0.0,2020-03-31
10,,,,,,,,,,,,,,,,0.0,2020-03-30
10,,,,,,,,,,,,,,,,0.0,2020-03-29
10,,,,,,,,,0.0,,,,,,,,2020-03-29
10,,,,,,,,,0.0,,,,,,,,2020-03-28
10,,,,,,,,,,,,,,,,5.0,2020-03-28
10,,,,,,,,,1.0,,,,,,,,2020-03-25
10,,,,,,,,,0.0,,,,,,,,2020-03-27
10,,,,,,,,,0.0,,,,,,,,2020-03-26
10,,,,,,,,,,,,,,,,0.0,2020-04-03
11,,,,,,,,,,,,,1.0,,,,2020-03-19
11,,,,,0.9,,,,,,,,,,,,2020-03-13
11,,,,,,,,,1.0,,,,,,,,2020-03-30
11,,,,,,,,,,,,,,,,0.0,2020-04-05
11,,,,,,,,,,,,,,,,1.0,2020-04-04
12,,,,,,,,,,,,1.5,,,,,2020-03-01
12,,,,,,,,,0.0,,,,,,,,2020-04-02
12,,,,,,,,,0.0,,,,,,,,2020-04-04
12,,,,,,,,,0.0,,,,,,,,2020-04-01
12,,,,,,,,,0.0,,,,,,,,2020-04-03
12,,,,,,,,,,,,,,,,1.0,2020-04-06
12,,,,,,,,,1.0,,,,,,,,2020-03-31
13,,,,,,,,,,,,,,,,0.0,2020-04-08
13,,,,,,,,,,,,,,,,0.0,2020-04-09
13,,,,,,,,,,,,,,,,1.0,2020-04-07
13,,,,,,,,,0.0,,,,,,,,2020-04-06
13,,,,,,,,,1.0,,,,,,,,2020-04-05
13,,,,,,,,,,,,,,,,0.0,2020-04-10
13,,,,,,,,,,,,,,,4.0,,2020-03-23
14,,,,4.0,,,,,,,,,,,,,2020-03-16
15,,,,,,,,,,,,,,,,2.0,2020-04-11
15,,,,,,,,,,,,,,,,0.0,2020-04-12
15,,,,,,,,,,,,,,,2.0,,2020-03-24
15,,,,,,,,,,,,,,,,0.0,2020-04-13
15,,,,,,,,,,1.5,,,,,,,2020-03-13
15,,,,,,,,,,,,,,,,0.0,2020-04-14
15,,,,,,,,,,,,,,,,0.0,2020-04-16
15,,,,,,,,,,,,,,,,0.0,2020-04-15
15,,,,,,,4.0,,,,,,,,,,2020-03-16
16,,,,,,,,,,,,,,,,0.0,2020-06-01
16,,,,,,,,,,,,,,,,0.0,2020-06-05
16,,,,,,,,,,,,,,,,0.0,2020-05-31
16,,,,,,,,,,,,,,,,0.0,2020-06-04
16,,,,,,,,,,,,,,,1.0,,2020-03-25
16,,,,,,,,,,,,,,,,0.0,2020-06-03
16,,,,,,,,,,,,,,,,0.0,2020-06-02
16,,,,,,,,,,,,,,,,0.0,2020-05-29
16,,,,,,,,,,,,,,,,0.0,2020-05-30
16,,,,,,,,,,,,,,,,0.0,2020-05-19
16,,,,,,,,,,,,,,,,0.0,2020-05-23
16,,,,,,,,,,,,,,,,0.0,2020-05-01
16,,,,,,,,,,,,,,,,0.0,2020-04-29
16,,,,,,,,,,,,,,,,0.0,2020-04-30
16,,,,,,,,,,,,,,,,0.0,2020-05-15
16,,,,,,,,,,,,,,,,0.0,2020-05-02
16,,,,,,,,,,,,,,,,0.0,2020-05-03
16,,,,,,,,,,,,,,,,0.0,2020-05-04
16,,,,,,,,,,,,,,,,0.0,2020-05-05
16,,,,,,,,,,,,,,,,0.0,2020-05-06
16,,,,,,,,,,,,,,,,0.0,2020-05-07
16,,,,,,,,,,,,,,,,0.0,2020-05-24
16,,,,,,,,,,,,,,,,0.0,2020-05-08
16,,,,,,,,,,,,,,,,0.0,2020-05-22
16,,,,,,,,,,,,,,,,0.0,2020-05-09
16,,,,,,,,,,,,,,,,0.0,2020-05-10
16,,,,,,,,,,,,,,,,0.0,2020-05-11
16,,,,,,,,,,,,,,,,0.0,2020-05-21
16,,,,,,,,,,,,,,,,0.0,2020-05-12
16,,,,,,,,,,,,,,,,0.0,2020-04-28
16,,,,,,,,,,,,,,,,0.0,2020-05-14
16,,,,,,,,,,,,,,,,0.0,2020-04-27
16,,,,,,,,,,,,,,,,0.0,2020-05-25
16,,,,,,,,,,,,,,,,0.0,2020-05-20
16,,,,,,,,,,,,,,,,0.0,2020-05-18
16,,,,,,,,,,,,,,,,0.0,2020-05-17
16,,,,,,,,,,,,,,,,0.0,2020-05-28
16,,,,,,,,,,,,,,,,0.0,2020-05-16
16,,,,,,,,,,,,,,,,0.0,2020-05-27
16,,,,,,,,,,,,,,,,1.0,2020-04-17
16,,,,,,,,,,,,,,,,0.0,2020-04-18
16,,,,,,,,,,,,,,,,0.0,2020-05-13
16,,,,,,,,,,,,,,,,0.0,2020-04-19
16,,,,,,,,,,,,,,,,0.0,2020-04-20
16,,,,,,,,,,,,,,,,0.0,2020-04-21
16,,,,,,,,,,,,,,,,0.0,2020-04-22
16,,,,,,,,,,,,,,,,0.0,2020-04-23
16,,,,,,,,,,,,,,,,0.0,2020-04-24
16,,,,,,,,,,,,,,,,0.0,2020-04-25
16,,,,,,,,,,,,,,,,0.0,2020-05-26
16,,,,,,,,,,,,,,,,0.0,2020-04-26
17,,,,,,,,,,,,,,,,0.0,2020-06-07
17,,,,,,,,,0.0,,,,,,,,2020-04-10
17,,,,,,,,,0.0,,,,,,,,2020-04-11
17,,,,,,,,,4.0,,,,,,,,2020-04-07
17,,,,,,,,,0.0,,,,,,,,2020-04-08
17,,,,,,,,,0.0,,,,,,,,2020-04-09
17,,,,,,,,,0.0,,,,,,,,2020-04-13
17,,,,,,,,,,,,,,,,1.0,2020-06-06
17,,,,,,,,,0.0,,,,,,,,2020-04-12
17,,,,,,,,,,,,,,,,0.0,2020-06-08
17,,,,,,,,,,,,2.5,,,,,2020-03-03
17,,,,3.0,,,,,,,,,,,,,2020-03-17
18,,,,,,,,,0.0,,,,,,,,2020-06-03
18,,,,,,,,,0.0,,,,,,,,2020-05-22
18,,,,,,,,,0.0,,,,,,,,2020-04-26
18,,,,,,,,,0.0,,,,,,,,2020-04-22
18,,,,,,,,,0.0,,,,,,,,2020-05-26
18,,,,,,,,,,,,,,,2.0,,2020-03-26
18,,,,,,,,,0.0,,,,,,,,2020-05-10
18,,,,,,,,,0.0,,,,,,,,2020-04-16
18,,,,,,,,,0.0,,,,,,,,2020-05-19
18,,,,,,,,,0.0,,,,,,,,2020-05-28
18,,,,,,,,,0.0,,,,,,,,2020-05-05
18,,,,,,,,,0.0,,,,,,,,2020-05-07
18,,,,,,,,,0.0,,,,,,,,2020-06-04
18,,,,,,,,,0.0,,,,,,,,2020-04-19
18,,,,,,,,,0.0,,,,,,,,2020-05-23
18,,,,,,,,,0.0,,,,,,,,2020-05-15
18,,,,,,,,,0.0,,,,,,,,2020-04-15
18,,,,,,,,,0.0,,,,,,,,2020-06-01
18,,,,,,,,,0.0,,,,,,,,2020-06-05
18,,,,,,,,,1.0,,,,,,,,2020-04-14
18,,,,,,,,,0.0,,,,,,,,2020-05-27
18,,,7.5,,,,,,,,,,,,,,2020-03-16
18,,,,,,,,,0.0,,,,,,,,2020-05-09
18,,,,,,,,,0.0,,,,,,,,2020-04-20
18,,,,,,,,,0.0,,,,,,,,2020-04-27
18,,,,,,,,,0.0,,,,,,,,2020-05-06
18,,,,,,,,,0.0,,,,,,,,2020-05-31
18,,,,,,,,,0.0,,,,,,,,2020-05-13
18,,,,,,,,,0.0,,,,,,,,2020-05-01
18,,,,,,,,,0.0,,,,,,,,2020-04-21
18,,,,,,,,,0.0,,,,,,,,2020-05-20
18,,,,,,,,,0.0,,,,,,,,2020-04-30
18,,,,,,,,,0.0,,,,,,,,2020-05-16
18,,,,,,,,,0.0,,,,,,,,2020-04-23
18,,,,,,,,,0.0,,,,,,,,2020-05-12
18,,,,,,,,,0.0,,,,,,,,2020-05-30
18,,,,,,,,,0.0,,,,,,,,2020-06-07
18,,,,,,,,,0.0,,,,,,,,2020-05-24
18,,,,,,,,,0.0,,,,,,,,2020-04-25
18,,,,,,,,,0.0,,,,,,,,2020-04-24
18,,,,,,,,,0.0,,,,,,,,2020-05-11
18,,,,,,,,,0.0,,,,,,,,2020-04-17
18,,,,,,,,,0.0,,,,,,,,2020-04-28
18,,,,,,,,,0.0,,,,,,,,2020-06-08
18,,,,,,,,,0.0,,,,,,,,2020-05-21
18,,,,,,,,,0.0,,,,,,,,2020-04-18
18,,,,,,,,,0.0,,,,,,,,2020-05-18
18,,,,,,,,,0.0,,,,,,,,2020-05-03
18,,,,,,,,,0.0,,,,,,,,2020-05-04
18,,,,,,,,,0.0,,,,,,,,2020-05-17
18,,,,,,,,,0.0,,,,,,,,2020-05-08
18,,,,,,,,,0.0,,,,,,,,2020-05-25
18,,,,1.0,,,,,,,,,,,,,2020-03-18
18,,,,,,,,,0.0,,,,,,,,2020-05-14
18,,,,,,,,,0.0,,,,,,,,2020-05-29
18,,,,,,,,,0.0,,,,,,,,2020-04-29
18,,,,,,,,,0.0,,,,,,,,2020-06-06
18,,,,,,,,,0.0,,,,,,,,2020-05-02
18,,,,,,,,8.0,,,,,,,,,2020-03-16
18,,,,,,,,,0.0,,,,,,,,2020-06-02
19,,,,,,8.5,,,,,,,,,,,2020-03-16
19,,,,,8.0,,,,,,,,,,,,2020-03-14
20,1.6,,,,,,,,,,,,,,,,2020-03-13
20,,,,,,,,,,,,,9.0,,,,2020-03-20
20,,,,2.0,,,,,,,,,,,,,2020-03-19
20,,,,,,,,,,,,,,,2.0,,2020-03-27
20,,,,,,,,,,,,,,,0.0,,2020-03-28
21,,,,,,,,,,,7.5,,,,,,2020-03-16
22,2.0,,,,,,,,,,,,,,,,2020-03-14
22,,,,2.0,,,,,,,,,,,,,2020-03-20
22,,,,,,,,,,,,,,,2.0,,2020-03-29
22,,,,0.0,,,,,,,,,,,,,2020-03-21
23,,,,,,,8.0,,,,,,,,,,2020-03-17
23,,,,,,,,5.0,,,,,,,,,2020-03-17
23,,,,1.0,,,,,,,,,,,,,2020-03-22
24,,,,,,,,,,,,,,,2.0,,2020-03-30
25,,,,2.0,,,,,,,,,,,,,2020-03-23
25,,,7.0,,,,,,,,,,,,,,2020-03-17
26,,,,,,,,,,,,,,,2.0,,2020-03-31
26,,,,,,,,,,11.0,,,,,,,2020-03-14
26,,,,,,,,,,,,,,,0.0,,2020-04-01
27,,,,,,,,,,,,,7.0,,,,2020-03-21
28,,,,,,9.0,,,,,,,,,,,2020-03-17
28,,,,,,,,5.0,,,,,,,,,2020-03-18
29,,,,,,,,,,,8.0,,,,,,2020-03-17
29,,,,,,1.0,,,,,,,,,,,2020-03-18
30,,,5.0,,,,,,,,,,,,,,2020-03-18
30,,,,,,,7.0,,,,,,,,,,2020-03-18
31,,,,6.0,,,,,,,,,,,,,2020-03-24
31,,13.0,,,,,,,,,,,,,,,2020-03-16
31,,0.0,,,,,,,,,,,,,,,2020-03-17
32,,,,,,3.0,,,,,,,,,,,2020-03-19
32,,,,,,,,,,,,,5.0,,,,2020-03-22
32,,,,,,,2.0,,,,,,,,,,2020-03-19
33,,,,2.0,,,,,,,,,,,,,2020-03-25
33,,,,0.0,,,,,,,,,,,,,2020-03-26
33,,,,0.0,,,,,,,,,,,,,2020-03-27
34,,,,,,,,,,,,,,,8.0,,2020-04-02
35,,,,,,,,7.0,,,,,,,,,2020-03-19
35,,,,,,,,,,,,,,,1.0,,2020-04-03
36,,5.0,,,,,,,,,,,,,,,2020-03-18
36,,,,,,,,,,,,,,,1.0,,2020-04-04
36,,,,,,4.0,,,,,,,,,,,2020-03-20
37,,,,,,,,,,,,,,,1.0,,2020-04-05
37,,,,,,,5.0,,,,,,,,,,2020-03-20
37,,,,,,1.0,,,,,,,,,,,2020-03-21
38,,,,,,,,,,,,,6.0,,,,2020-03-23
38,,,,,,,,,,,,,0.0,,,,2020-03-24
38,,,,,,,,,,,,,0.0,,,,2020-03-25
39,,,,,,,,,,,,,1.0,,,,2020-03-26
40,,,,,,,,,,,,,,3.1,,,2020-03-13
40,,4.0,,,,,,,,,,,,,,,2020-03-19
40,,,,,,3.0,,,,,,,,,,,2020-03-22
41,,1.0,,,,,,,,,,,,,,,2020-03-20
41,,,,,,,,,,,,,2.0,,,,2020-03-27
41,,,,,,,,,,,,,,,4.0,,2020-04-06
42,,,,9.0,,,,,,,,,,,,,2020-03-28
42,,,,,11.5,,,,,,,,,,,,2020-03-16
43,,,,,,,,,,,,,,,2.0,,2020-04-07
43,,,,1.0,,,,,,,,,,,,,2020-03-29
43,,,,,,,,,,,,,,3.0,,,2020-03-14
44,,,14.0,,,,,,,,,,,,,,2020-03-19
45,,,,,,,,,,,,,4.0,,,,2020-03-28
45,,,,,,,,10.0,,,,,,,,,2020-03-20
45,,,,,3.0,,,,,,,,,,,,2020-03-17
45,,,,,,,,,,,,,,,2.0,,2020-04-08
45,,,,,0.0,,,,,,,,,,,,2020-03-18
47,,,,,,,,,,,,,,,2.0,,2020-04-09
47,,6.0,,,,,,,,,,,,,,,2020-03-21
47,,,,,,,,,,,,,0.0,,,,2020-03-31
47,,,,,,,,,,,,,0.0,,,,2020-03-30
47,,,,,,,,,,,,,2.0,,,,2020-03-29
48,,,,,,,,,,,,,1.0,,,,2020-04-01
49,,,,,,,,,,,20.0,,,,,,2020-03-18
49,,,,,,,,,,,,,,,2.0,,2020-04-10
50,,,,,,,13.0,,,,,,,,,,2020-03-21
50,,,,7.0,,,,,,,,,,,,,2020-03-30
50,,,,,,,,,,,,,2.0,,,,2020-04-02
51,,,,,,,,,,,,,,,2.0,,2020-04-11
51,,,,,,,,,,,2.0,,,,,,2020-03-19
51,,,7.0,,,,,,,,,,,,,,2020-03-20
52,,,,,,,,,,,,,,,1.0,,2020-04-12
52,,,,2.0,,,,,,,,,,,,,2020-03-31
52,15.0,,,,,,,,,,,,,,,,2020-03-16
52,,5.0,,,,,,,,,,,,,,,2020-03-22
54,,,,,,,,,,,,,,,2.0,,2020-04-13
54,,,,,,,,,,,,,,,0.0,,2020-04-14
54,,,,,,,,,,,,,,,0.0,,2020-04-15
55,,,,,10.0,,,,,,,,,,,,2020-03-19
55,,,,,,,,10.0,,,,,,,,,2020-03-21
55,,,,,,,,,,,,,,,0.0,,2020-04-17
55,,,,,,,,,,,,,,,1.0,,2020-04-16
55,,,,,,,,,,,,,,,0.0,,2020-04-18
56,,,,,,16.0,,,,,,,,,,,2020-03-23
56,,,,,,0.0,,,,,,,,,,,2020-03-24
57,,,,,,,,,,15.5,,,,,,,2020-03-16
58,,,,,,,,,,,7.0,,,,,,2020-03-20
58,,,,,,,8.0,,,,,,,,,,2020-03-22
59,,7.0,,,,,,,,,,,,,,,2020-03-23
61,,,10.0,,,,,,,,,,,,,,2020-03-21
63,,,2.0,,,,,,,,,,,,,,2020-03-22
63,,,,11.0,,,,,,,,,,,,,2020-04-01
64,,,,,,,,,,,,,,,9.0,,2020-04-19
64,,5.0,,,,,,,,,,,,,,,2020-03-24
64,,,,,,8.0,,,,,,,,,,,2020-03-25
65,,,,,10.0,,,,,,,,,,,,2020-03-20
66,,,,,,,8.0,,,,,,,,,,2020-03-23
66,,,,,,,,11.0,,,,,,,,,2020-03-22
66,,,,,,2.0,,,,,,,,,,,2020-03-26
68,,,,,,,2.0,,,,,,,,,,2020-03-24
68,,,,,,,,,,,10.0,,,,,,2020-03-21
68,,,,,,,,,,,,,18.0,,,,2020-04-03
69,,5.0,,,,,,,,,,,,,,,2020-03-25
70,,,,,,4.0,,,,,,,,,,,2020-03-27
70,,,,,5.0,,,,,,,,,,,,2020-03-21
70,,,,7.0,,,,,,,,,,,,,2020-04-02
70,,,,,,,2.0,,,,,,,,,,2020-03-25
71,,,8.0,,,,,,,,,,,,,,2020-03-23
72,,3.0,,,,,,,,,,,,,,,2020-03-26
73,,,,3.0,,,,,,,,,,,,,2020-04-03
73,,1.0,,,,,,,,,,,,,,,2020-03-27
74,,,,,,,4.0,,,,,,,,,,2020-03-26
74,,,,,,,,,,,,,6.0,,,,2020-04-04
74,,1.0,,,,,,,,,,,,,,,2020-03-28
75,,,,2.0,,,,,,,,,,,,,2020-04-04
75,,1.0,,,,,,,,,,,,,,,2020-03-29
76,,,,,,,,,,,8.0,,,,,,2020-03-22
77,,2.0,,,,,,,,,,,,,,,2020-03-30
77,,0.0,,,,,,,,,,,,,,,2020-03-31
77,,,,,,,,,,,,,,,13.0,,2020-04-20
77,25.0,,,,,,,,,,,,,,,,2020-03-17
77,,,,,,,,,,,,,,,0.0,,2020-04-21
78,,,7.0,,,,,,,,,,,,,,2020-03-24
78,,,,,,,,,,,,,,,1.0,,2020-04-22
78,,,,,8.0,,,,,,,,,,,,2020-03-22
78,,,,,,,,,,,,,,,0.0,,2020-04-25
78,,,,,,,,,,,,,,,0.0,,2020-04-24
78,,,,,,,,,,,2.0,,,,,,2020-03-23
78,,,,,,,,,,,,,,,0.0,,2020-04-23
79,,2.0,,,,,,,,,,,,,,,2020-04-01
79,,,,,,,,,,,,,,,1.0,,2020-04-26
79,,,,,,,,,,,,,,,0.0,,2020-04-27
80,,1.0,,,,,,,,,,,,,,,2020-04-02
80,,,,,,,,,,,,,,,1.0,,2020-04-28
80,,,,,,,,,,,,,,,0.0,,2020-04-29
80,,,,,,,6.0,,,,,,,,,,2020-03-27
81,,,,,,,,15.0,,,,,,,,,2020-03-23
81,,0.0,,,,,,,,,,,,,,,2020-04-04
81,,1.0,,,,,,,,,,,,,,,2020-04-03
81,,,,,,,,,,,,,,,1.0,,2020-04-30
82,,,,,,,,,,25.0,,,,,,,2020-03-17
82,,1.0,,,,,,,,,,,,,,,2020-04-05
83,,,,,,,,,,,5.0,,,,,,2020-03-24
84,,,,,,14.0,,,,,,,,,,,2020-03-28
84,,,6.0,,,,,,,,,,,,,,2020-03-25
84,,,,,,,,,,,,,10.0,,,,2020-04-05
85,,,,,,,,,,,,,,,0.0,,2020-05-02
85,,3.0,,,,,,,,,,,,,,,2020-04-06
85,,,,,,,,,,,,,,,4.0,,2020-05-01
85,,,,,,,,,,,2.0,,,,,,2020-03-25
86,,,,,,,,,,,,,,,0.0,,2020-05-04
86,,,,,,,,,,,,,,,0.0,,2020-05-07
86,,,,,,,,,,,,,,,0.0,,2020-05-06
86,,,,,,,,,,,,,,,0.0,,2020-05-05
86,,,,,,,,,,,,,,,1.0,,2020-05-03
86,,,,,,,6.0,,,,,,,,,,2020-03-28
87,,,,,,,,,,,,,,,1.0,,2020-05-08
87,,,,,,,1.0,,,,,,,,,,2020-03-29
87,,,,,,,,,,,,7.0,,,,,2020-03-13
88,11.0,,,,,,,,,,,,,,,,2020-03-18
88,,,,,,,,,,,,,,,1.0,,2020-05-09
88,,,,,,,,,,,,,,,0.0,,2020-05-10
88,,,,,,,1.0,,,,,,,,,,2020-03-30
89,,,,,,,,,,,,,,,0.0,,2020-05-14
89,,,,,,,,,,,,,,,1.0,,2020-05-11
89,,,,,,,,,,,,,,,0.0,,2020-05-12
89,,,,,,,,,,,,,,,0.0,,2020-05-13
89,,,,14.0,,,,,,,,,,,,,2020-04-05
89,,,,,,,,,,,,,,,0.0,,2020-05-15
90,,,,,,,,,,,,,6.0,,,,2020-04-06
90,,,,,,,,,,,,,0.0,,,,2020-04-07
90,,,,,,,,,,,,,,,1.0,,2020-05-16
90,,5.0,,,,,,,,,,,,,,,2020-04-07
90,,,,,,,,,,,,,,,0.0,,2020-05-17
91,,,,,,,,,,,,,,,1.0,,2020-05-18
91,,,,,,,,,,,,,,,0.0,,2020-05-19
91,,1.0,,,,,,,,,,,,,,,2020-04-08
92,,,,,,,,,,,,5.0,,,,,2020-03-14
93,,,,,,,,,,,,,,,0.0,,2020-05-27
93,,0.0,,,,,,,,,,,,,,,2020-04-14
93,,0.0,,,,,,,,,,,,,,,2020-04-13
93,,,,,,,,,,,,,,,0.0,,2020-05-21
93,,,,,,,,,,,,,,,0.0,,2020-05-25
93,,0.0,,,,,,,,,,,,,,,2020-04-10
93,,,,,,,,,,,,,,,0.0,,2020-05-26
93,,0.0,,,,,,,,,,,,,,,2020-04-11
93,,,,,,,,,,,,,,,0.0,,2020-05-22
93,,,,,,,,,,,,,,,0.0,,2020-05-23
93,,0.0,,,,,,,,,,,,,,,2020-04-12
93,,,,,,,,,,,,,,,0.0,,2020-05-28
93,,,,,,,,,,,,,,,0.0,,2020-05-29
93,,,,,,,,,,,,,,,2.0,,2020-05-20
93,,,,,,,,,,,,,3.0,,,,2020-04-08
93,,,,,,,,,,,,,,,0.0,,2020-05-24
93,,2.0,,,,,,,,,,,,,,,2020-04-09
94,,,,,16.0,,,,,,,,,,,,2020-03-23
94,,,10.0,,,,,,,,,,,,,,2020-03-26
94,,0.0,,,,,,,,,,,,,,,2020-04-21
94,,0.0,,,,,,,,,,,,,,,2020-04-20
94,,0.0,,,,,,,,,,,,,,,2020-04-19
94,,,,,,,6.0,,,,,,,,,,2020-03-31
94,,0.0,,,,,,,,,,,,,,,2020-04-18
94,,0.0,,,,,,,,,,,,,,,2020-04-16
94,,1.0,,,,,,,,,,,,,,,2020-04-15
94,,0.0,,,,,,,,,,,,,,,2020-04-17
95,,0.0,,,,,,,,,,,,,,,2020-04-29
95,,0.0,,,,,,,,,,,,,,,2020-04-26
95,,0.0,,,,,,,,,,,,,,,2020-05-18
95,,,,,,,,,,,10.0,,,,,,2020-03-26
95,,0.0,,,,,,,,,,,,,,,2020-05-02
95,,0.0,,,,,,,,,,,,,,,2020-05-05
95,,0.0,,,,,,,,,,,,,,,2020-05-17
95,,0.0,,,,,,,,,,,,,,,2020-05-13
95,,1.0,,,,,,,,,,,,,,,2020-04-22
95,,0.0,,,,,,,,,,,,,,,2020-05-10
95,,0.0,,,,,,,,,,,,,,,2020-04-23
95,,0.0,,,,,,,,,,,,,,,2020-04-27
95,,0.0,,,,,,,,,,,,,,,2020-05-16
95,,0.0,,,,,,,,,,,,,,,2020-05-01
95,,0.0,,,,,,,,,,,,,,,2020-05-09
95,,0.0,,,,,,,,,,,,,,,2020-05-14
95,,0.0,,,,,,,,,,,,,,,2020-04-28
95,,0.0,,,,,,,,,,,,,,,2020-05-07
95,,0.0,,,,,,,,,,,,,,,2020-04-30
95,,0.0,,,,,,,,,,,,,,,2020-05-04
95,,0.0,,,,,,,,,,,,,,,2020-05-08
95,,0.0,,,,,,,,,,,,,,,2020-05-06
95,,0.0,,,,,,,,,,,,,,,2020-05-19
95,,0.0,,,,,,,,,,,,,,,2020-05-15
95,,0.0,,,,,,,,,,,,,,,2020-04-24
95,,0.0,,,,,,,,,,,,,,,2020-05-12
95,,0.0,,,,,,,,,,,,,,,2020-05-03
95,,0.0,,,,,,,,,,,,,,,2020-05-11
95,,0.0,,,,,,,,,,,,,,,2020-04-25
96,,0.0,,,,,,,,,,,,,,,2020-05-28
96,,1.0,,,,,,,,,,,,,,,2020-05-20
96,,0.0,,,,,,,,,,,,,,,2020-06-01
96,,0.0,,,,,,,,,,,,,,,2020-06-04
96,,,,,,12.0,,,,,,,,,,,2020-03-29
96,,0.0,,,,,,,,,,,,,,,2020-06-03
96,,0.0,,,,,,,,,,,,,,,2020-06-07
96,,0.0,,,,,,,,,,,,,,,2020-05-22
96,,0.0,,,,,,,,,,,,,,,2020-05-27
96,,0.0,,,,,,,,,,,,,,,2020-06-06
96,,0.0,,,,,,,,,,,,,,,2020-05-25
96,,0.0,,,,,,,,,,,,,,,2020-05-31
96,,0.0,,,,,,,,,,,,,,,2020-05-21
96,,,,,,,2.0,,,,,,,,,,2020-04-01
96,,0.0,,,,,,,,,,,,,,,2020-05-30
96,,0.0,,,,,,,,,,,,,,,2020-05-29
96,,0.0,,,,,,,,,,,,,,,2020-06-08
96,,0.0,,,,,,,,,,,,,,,2020-05-23
96,,0.0,,,,,,,,,,,,,,,2020-05-26
96,,0.0,,,,,,,,,,,,,,,2020-06-05
96,,0.0,,,,,,,,,,,,,,,2020-06-02
96,,0.0,,,,,,,,,,,,,,,2020-05-24
97,,,,,,,,,,,,,,,0.0,,2020-06-02
97,,,,,,,,,,,,,,,0.0,,2020-06-04
97,,,,,,,,,,,,,,,0.0,,2020-06-07
97,,,,,,,,,,,,,,,4.0,,2020-05-30
97,,,,,,,,,,,,,,,0.0,,2020-05-31
97,,,,,,,,,,,,,,,0.0,,2020-06-08
97,,,,,,,,,,,,,,,0.0,,2020-06-05
97,,,,,,,,,,,,,,,0.0,,2020-06-03
97,,,,,,,,,,,,,,,0.0,,2020-06-01
97,,,,,,,,,,,,,,,0.0,,2020-06-06
98,,,,,,,,17.0,,,,,,,,,2020-03-24
98,,,,,,,,,,,,,5.0,,,,2020-04-09
98,,,,,,,2.0,,,,,,,,,,2020-04-02
98,,,4.0,,,,,,,,,,,,,,2020-03-27
98,,,,,,,0.0,,,,,,,,,,2020-04-03
99,,,,,,,1.0,,,,,,,,,,2020-04-04
99,,,,,,3.0,,,,,,,,,,,2020-03-30
99,,,,10.0,,,,,,,,,,,,,2020-04-06
101,,,,,,,,,,,,,3.0,,,,2020-04-10
101,,,,,,,0.0,,,,,,,,,,2020-04-06
101,13.0,,,,,,,,,,,,,,,,2020-03-19
101,,,,,,,2.0,,,,,,,,,,2020-04-05
102,,,,,,,1.0,,,,,,,,,,2020-04-07
102,,,,,,,,,,,,,,29.5,,,2020-03-16
102,,,,,,,,,,,,,0.0,,,,2020-04-12
102,,,,,,,,,,,,,1.0,,,,2020-04-11
102,,,,,,3.0,,,,,,,,,,,2020-03-31
103,,,,,,,,,,21.0,,,,,,,2020-03-18
103,,,,4.0,,,,,,,,,,,,,2020-04-07
106,,,,,,,,,,,,,0.0,,,,2020-04-15
106,,,,,,,,,,,,,0.0,,,,2020-04-14
106,,,,,,,,,,,,,4.0,,,,2020-04-13
108,,,,,,,,,,,,,0.0,,,,2020-04-17
108,,,,,,,6.0,,,,,,,,,,2020-04-08
108,,,10.0,,,,,,,,,,,,,,2020-03-28
108,,,,,,,,,,,,,2.0,,,,2020-04-16
108,,,,,,,,,,,,,,6.0,,,2020-03-17
108,,,,,,,0.0,,,,,,,,,,2020-04-09
109,,,,,,,,,,,,,1.0,,,,2020-04-18
109,,,,,,,,,,,,,0.0,,,,2020-04-21
109,,,,,,,,,,,,,0.0,,,,2020-04-22
109,,,,,,,,,,,,,0.0,,,,2020-04-20
109,,,,,,,1.0,,,,,,,,,,2020-04-10
109,,,,,,,,,,,,,0.0,,,,2020-04-19
109,,,,,15.0,,,,,,,,,,,,2020-03-24
110,,,,,,,,,,,,,0.0,,,,2020-05-11
110,,,,,,,,,,,,,0.0,,,,2020-05-07
110,,,,,,,,,,,,,0.0,,,,2020-04-25
110,,,,,,,,,,,,,0.0,,,,2020-05-12
110,,,,,,,,,,,15.0,,,,,,2020-03-27
110,,,,,,,,,,,,,0.0,,,,2020-04-24
110,,,,,,,,,,,,,0.0,,,,2020-05-10
110,,,,,,,,,,,,,1.0,,,,2020-04-23
110,,,,,,,,,,,,,0.0,,,,2020-04-28
110,,,,,,,,,,,,,0.0,,,,2020-04-27
110,,,,,,,,,,,,,0.0,,,,2020-05-13
110,,,,,,,,,,,,,0.0,,,,2020-05-03
110,,,,,,,,,,,,,0.0,,,,2020-05-09
110,,,,,,,,,,,,,0.0,,,,2020-04-26
110,,,,,,,,,,,,,0.0,,,,2020-05-14
110,,,,,,,,,,,,,0.0,,,,2020-05-08
110,,,,,,,,,,,,,0.0,,,,2020-05-17
110,,,,,,,,,,,,,0.0,,,,2020-04-30
110,,,,,,,,,,,,,0.0,,,,2020-05-16
110,,,,,,,,,,,,,0.0,,,,2020-05-04
110,,,,,,,,,,,,,0.0,,,,2020-05-02
110,,,,,,,,,,,,,0.0,,,,2020-05-19
110,,,,,,,,,,,,,0.0,,,,2020-05-01
110,,,,,,,,,,,,,0.0,,,,2020-05-15
110,,,,,,,,,,,,,0.0,,,,2020-05-05
110,,,,,,,,,,,,,0.0,,,,2020-05-18
110,,,,,,,,,,,,,0.0,,,,2020-04-29
110,,,,,,,,,,,,,0.0,,,,2020-05-06
111,,,,,,,,,,,,,0.0,,,,2020-06-07
111,,,,,,,,,,,,,0.0,,,,2020-05-27
111,,,,,,,,,,,,,0.0,,,,2020-05-31
111,,,,,,,,,,,,,0.0,,,,2020-06-01
111,,,,,,,,,,,,,0.0,,,,2020-05-28
111,,,,,,,,,,,,,0.0,,,,2020-06-04
111,,,,,,,,,,,,,0.0,,,,2020-05-22
111,,,,,,,,,,,,,0.0,,,,2020-06-05
111,,,,,,,,,,,,,0.0,,,,2020-05-26
111,,,,,,,,,,,,,0.0,,,,2020-05-25
111,,,,,,,,,,,,,1.0,,,,2020-05-20
111,,,,,,,,,,,,,0.0,,,,2020-06-03
111,,,,,,,,,,,,,0.0,,,,2020-06-02
111,,,,,,,,,,,,,0.0,,,,2020-05-23
111,,,,,,,,,,,,,0.0,,,,2020-05-24
111,,,,,,,,,,,,,0.0,,,,2020-05-29
111,,,,,,,,,,,,,0.0,,,,2020-06-06
111,,,,,,,,,,,,,0.0,,,,2020-05-30
111,,,,,,,,,,,,,0.0,,,,2020-05-21
111,,,,,,9.0,,,,,,,,,,,2020-04-01
111,,,,,,,,,,,,,0.0,,,,2020-06-08
112,,,,,,,,,,9.0,,,,,,,2020-03-19
114,,,,,,,,,,,,,,6.0,,,2020-03-18
114,13.0,,,,,,,,,,,,,,,,2020-03-20
114,,,,,,3.0,,,,,,,,,,,2020-04-02
114,,,,,,,5.0,,,,,,,,,,2020-04-11
116,,,,13.0,,,,,,,,,,,,,2020-04-08
116,,,,,,,2.0,,,,,,,,,,2020-04-12
116,,,,,,,0.0,,,,,,,,,,2020-04-13
118,,,,,,,,,,,8.0,,,,,,2020-03-28
119,,,,,,,3.0,,,,,,,,,,2020-04-14
119,,,,,,,0.0,,,,,,,,,,2020-04-22
119,,,,,,,,,,7.0,,,,,,,2020-03-20
119,,,,,,,0.0,,,,,,,,,,2020-04-17
119,,,,,,,0.0,,,,,,,,,,2020-04-16
119,,,,3.0,,,,,,,,,,,,,2020-04-09
119,,,,,,,0.0,,,,,,,,,,2020-04-19
119,,,,,,,0.0,,,,,,,,,,2020-04-21
119,,,,,,,0.0,,,,,,,,,,2020-04-23
119,,,,,,,0.0,,,,,,,,,,2020-04-25
119,,,,,,,0.0,,,,,,,,,,2020-04-20
119,,,,,,,0.0,,,,,,,,,,2020-04-15
119,,,,,,,0.0,,,,,,,,,,2020-04-18
119,,,,,,,0.0,,,,,,,,,,2020-04-24
121,,,,,,,0.0,,,,,,,,,,2020-05-23
121,,,,,,,0.0,,,,,,,,,,2020-05-13
121,,,,,,,0.0,,,,,,,,,,2020-05-02
121,,,,,,,0.0,,,,,,,,,,2020-05-10
121,,,,,,,0.0,,,,,,,,,,2020-06-08
121,,,,,,,0.0,,,,,,,,,,2020-05-26
121,,,,,,,0.0,,,,,,,,,,2020-05-05
121,,,,,,,0.0,,,,,,,,,,2020-05-19
121,,,,,,,0.0,,,,,,,,,,2020-06-02
121,,,,,,,0.0,,,,,,,,,,2020-05-17
121,,,,,,,0.0,,,,,,,,,,2020-05-12
121,,,,,,,0.0,,,,,,,,,,2020-05-11
121,,,,,,,0.0,,,,,,,,,,2020-05-24
121,,,,,,,0.0,,,,,,,,,,2020-06-04
121,,,,,,,0.0,,,,,,,,,,2020-05-25
121,,,,,,,0.0,,,,,,,,,,2020-05-04
121,,,,,,,2.0,,,,,,,,,,2020-04-26
121,,,,,,,0.0,,,,,,,,,,2020-05-16
121,,,,,,,0.0,,,,,,,,,,2020-06-06
121,,,,,,,0.0,,,,,,,,,,2020-05-27
121,,,,,,,0.0,,,,,,,,,,2020-05-22
121,,,,,,,0.0,,,,,,,,,,2020-04-28
121,,,,,,,0.0,,,,,,,,,,2020-05-18
121,,,,,,,0.0,,,,,,,,,,2020-05-14
121,,,,,,,0.0,,,,,,,,,,2020-05-31
121,,,,,,,0.0,,,,,,,,,,2020-04-30
121,,,,,,,0.0,,,,,,,,,,2020-05-20
121,,,,,,,0.0,,,,,,,,,,2020-05-08
121,,,,,,,0.0,,,,,,,,,,2020-05-15
121,,,,,,,0.0,,,,,,,,,,2020-05-07
121,,,,,,,0.0,,,,,,,,,,2020-06-03
121,,,,,,,0.0,,,,,,,,,,2020-04-29
121,,,,,,,0.0,,,,,,,,,,2020-05-03
121,,,,,,,0.0,,,,,,,,,,2020-05-30
121,,,,,,,0.0,,,,,,,,,,2020-05-29
121,,,,,,,0.0,,,,,,,,,,2020-05-28
121,,,,,,,0.0,,,,,,,,,,2020-05-06
121,,,,,,,0.0,,,,,,,,,,2020-06-01
121,,,,,,,0.0,,,,,,,,,,2020-06-05
121,,,,,,,0.0,,,,,,,,,,2020-04-27
121,,,,,,,0.0,,,,,,,,,,2020-06-07
121,,,,,,,0.0,,,,,,,,,,2020-05-21
121,,,,,,,0.0,,,,,,,,,,2020-05-01
121,,,,,,,0.0,,,,,,,,,,2020-05-09
123,,,,,14.0,,,,,,,,,,,,2020-03-25
123,,,15.0,,,,,,,,,,,,,,2020-03-29
123,,,,,,,,,,,,,,9.0,,,2020-03-19
127,,,4.0,,,,,,,,,,,,,,2020-03-30
127,,,,,,13.0,,,,,,,,,,,2020-04-03
128,,,,,,,,30.0,,,,,,,,,2020-03-25
129,15.0,,,,,,,,,,,,,,,,2020-03-21
129,,,,,,,,,,,11.0,,,,,,2020-03-29
131,,,4.0,,,,,,,,,,,,,,2020-03-31
132,,,,,9.0,,,,,,,,,,,,2020-03-26
133,,,,14.0,,,,,,,,,,,,,2020-04-10
134,,,3.0,,,,,,,,,,,,,,2020-04-01
135,,,,,,,,,,,6.0,,,,,,2020-03-30
136,,,,,,,,,,17.0,,,,,,,2020-03-21
137,,,0.0,,,,,,,,,,,,,,2020-04-03
137,,,3.0,,,,,,,,,,,,,,2020-04-02
138,,,,,6.0,,,,,,,,,,,,2020-03-27
139,,,2.0,,,,,,,,,,,,,,2020-04-04
139,,,,,,,,,,,,,,16.0,,,2020-03-20
141,,,,8.0,,,,,,,,,,,,,2020-04-11
141,,,2.0,,,,,,,,,,,,,,2020-04-05
142,,,1.0,,,,,,,,,,,,,,2020-04-06
144,,,,3.0,,,,,,,,,,,,,2020-04-12
144,,,,0.0,,,,,,,,,,,,,2020-04-13
144,,,,,,,,,,,,26.0,,,,,2020-03-16
145,16.0,,,,,,,,,,,,,,,,2020-03-22
147,,,,0.0,,,,,,,,,,,,,2020-04-16
147,,,5.0,,,,,,,,,,,,,,2020-04-07
147,,,,0.0,,,,,,,,,,,,,2020-04-15
147,,,0.0,,,,,,,,,,,,,,2020-04-08
147,,,,3.0,,,,,,,,,,,,,2020-04-14
148,,,,1.0,,,,,,,,,,,,,2020-04-17
148,,,1.0,,,,,,,,,,,,,,2020-04-09
148,,,,0.0,,,,,,,,,,,,,2020-04-18
149,,,1.0,,,,,,,,,,,,,,2020-04-10
151,,,2.0,,,,,,,,,,,,,,2020-04-11
151,,,,,,,,23.0,,,,,,,,,2020-03-26
151,,,,,,24.0,,,,,,,,,,,2020-04-04
152,,,1.0,,,,,,,,,,,,,,2020-04-12
153,,,,,15.0,,,,,,,,,,,,2020-03-28
154,,,2.0,,,,,,,,,,,,,,2020-04-13
154,,,0.0,,,,,,,,,,,,,,2020-04-14
154,,,0.0,,,,,,,,,,,,,,2020-04-15
155,,,0.0,,,,,,,,,,,,,,2020-04-17
155,,,0.0,,,,,,,,,,,,,,2020-05-16
155,,,0.0,,,,,,,,,,,,,,2020-04-21
155,,,0.0,,,,,,,,,,,,,,2020-05-06
155,,,0.0,,,,,,,,,,,,,,2020-05-05
155,,,0.0,,,,,,,,,,,,,,2020-04-20
155,,,0.0,,,,,,,,,,,,,,2020-05-17
155,,,0.0,,,,,,,,,,,,,,2020-05-04
155,,,0.0,,,,,,,,,,,,,,2020-04-28
155,,,0.0,,,,,,,,,,,,,,2020-05-03
155,,,0.0,,,,,,,,,,,,,,2020-05-18
155,,,0.0,,,,,,,,,,,,,,2020-05-01
155,,,0.0,,,,,,,,,,,,,,2020-04-19
155,,,0.0,,,,,,,,,,,,,,2020-04-27
155,,,0.0,,,,,,,,,,,,,,2020-05-19
155,,,0.0,,,,,,,,,,,,,,2020-04-18
155,,,0.0,,,,,,,,,,,,,,2020-05-02
155,,,0.0,,,,,,,,,,,,,,2020-04-29
155,,,0.0,,,,,,,,,,,,,,2020-04-30
155,,,0.0,,,,,,,,,,,,,,2020-04-25
155,,,1.0,,,,,,,,,,,,,,2020-04-16
155,,,0.0,,,,,,,,,,,,,,2020-04-26
155,,,0.0,,,,,,,,,,,,,,2020-04-23
155,,,0.0,,,,,,,,,,,,,,2020-05-09
155,,,0.0,,,,,,,,,,,,,,2020-05-14
155,,,0.0,,,,,,,,,,,,,,2020-05-10
155,,,0.0,,,,,,,,,,,,,,2020-05-13
155,,,0.0,,,,,,,,,,,,,,2020-04-22
155,,,0.0,,,,,,,,,,,,,,2020-05-08
155,,,0.0,,,,,,,,,,,,,,2020-05-07
155,,,0.0,,,,,,,,,,,,,,2020-05-11
155,,,0.0,,,,,,,,,,,,,,2020-05-12
155,,,0.0,,,,,,,,,,,,,,2020-05-15
155,,,0.0,,,,,,,,,,,,,,2020-04-24
156,,,0.0,,,,,,,,,,,,,,2020-05-30
156,,,0.0,,,,,,,,,,,,,,2020-06-01
156,,,0.0,,,,,,,,,,,,,,2020-05-22
156,,,1.0,,,,,,,,,,,,,,2020-05-20
156,,,0.0,,,,,,,,,,,,,,2020-06-02
156,,,0.0,,,,,,,,,,,,,,2020-05-24
156,,,0.0,,,,,,,,,,,,,,2020-05-21
156,,,0.0,,,,,,,,,,,,,,2020-05-26
156,,,0.0,,,,,,,,,,,,,,2020-05-29
156,,,0.0,,,,,,,,,,,,,,2020-06-08
156,,,0.0,,,,,,,,,,,,,,2020-06-06
156,,,,,,,,,,,21.0,,,,,,2020-03-31
156,,,0.0,,,,,,,,,,,,,,2020-05-25
156,,,0.0,,,,,,,,,,,,,,2020-05-23
156,,,0.0,,,,,,,,,,,,,,2020-05-27
156,,,0.0,,,,,,,,,,,,,,2020-06-05
156,,,0.0,,,,,,,,,,,,,,2020-06-07
156,,,0.0,,,,,,,,,,,,,,2020-05-31
156,,,0.0,,,,,,,,,,,,,,2020-06-04
156,,,0.0,,,,,,,,,,,,,,2020-05-28
156,,,0.0,,,,,,,,,,,,,,2020-06-03
158,13.0,,,,,,,,,,,,,,,,2020-03-23
158,,,,,,7.0,,,,,,,,,,,2020-04-05
158,,,,,,,,,,22.0,,,,,,,2020-03-22
159,,,,,,,,8.0,,,,,,,,,2020-03-27
161,,,,,,3.0,,,,,,,,,,,2020-04-06
161,,,,,,,,,,,,17.0,,,,,2020-03-17
162,,,,,9.0,,,,,,,,,,,,2020-03-29
162,4.0,,,,,,,,,,,,,,,,2020-03-24
165,,,,,,,,6.0,,,,,,,,,2020-03-28
166,,,,,,,,,,,,,,27.0,,,2020-03-21
166,,,,,,5.0,,,,,,,,,,,2020-04-07
169,,,,,,3.0,,,,,,,,,,,2020-04-08
169,,,,,,,,,,11.0,,,,,,,2020-03-23
170,,,,,,,,,,1.0,,,,,,,2020-03-24
170,,,,,,,,,,0.0,,,,,,,2020-03-25
172,,,,,10.0,,,,,,,,,,,,2020-03-30
172,,,,,,,,,,2.0,,,,,,,2020-03-26
176,,,,,,,,11.0,,,,,,,,,2020-03-29
181,,,,,9.0,,,,,,,,,,,,2020-03-31
182,,,,,,,,,,10.0,,,,,,,2020-03-27
183,,,,,,14.0,,,,,,,,,,,2020-04-09
183,,,,,,,,,,,,,,17.0,,,2020-03-22
184,,,,,,,,8.0,,,,,,,,,2020-03-30
185,,,,37.0,,,,,,,,,,,,,2020-04-19
187,,,,2.0,,,,,,,,,,,,,2020-04-20
187,,,,,,4.0,,,,,,,,,,,2020-04-10
188,,,,1.0,,,,,,,,,,,,,2020-04-21
188,,,,,,,,,,,32.0,,,,,,2020-04-01
189,,,,0.0,,,,,,,,,,,,,2020-04-23
189,,,,,,,,5.0,,,,,,,,,2020-03-31
189,,,,,8.0,,,,,,,,,,,,2020-04-01
189,,,,1.0,,,,,,,,,,,,,2020-04-22
192,,,,,,,,,,,,31.0,,,,,2020-03-18
192,,,,0.0,,,,,,,,,,,,,2020-04-25
192,,,,3.0,,,,,,,,,,,,,2020-04-24
193,,,,1.0,,,,,,,,,,,,,2020-04-26
193,,,,0.0,,,,,,,,,,,,,2020-04-27
193,,,,0.0,,,,,,,,,,,,,2020-04-29
193,,,,0.0,,,,,,,,,,,,,2020-04-28
194,,,,,,,,5.0,,,,,,,,,2020-04-01
196,34.0,,,,,,,,,,,,,,,,2020-03-25
197,,,,,,,,,,15.0,,,,,,,2020-03-28
197,,,,,,,,,,0.0,,,,,,,2020-03-29
198,,,,5.0,,,,,,,,,,,,,2020-04-30
199,,,,1.0,,,,,,,,,,,,,2020-05-01
200,,,,,,,,6.0,,,,,,,,,2020-04-02
201,,,,2.0,,,,,,,,,,,,,2020-05-02
201,,,,,,,,,,4.0,,,,,,,2020-03-30
204,,,,3.0,,,,,,,,,,,,,2020-05-03
205,,,,,,,,5.0,,,,,,,,,2020-04-03
206,,,,,,,,,,5.0,,,,,,,2020-03-31
207,,,,0.0,,,,,,,,,,,,,2020-05-05
207,,,,3.0,,,,,,,,,,,,,2020-05-04
207,,,,,18.0,,,,,,,,,,,,2020-04-02
207,,,,,,,,2.0,,,,,,,,,2020-04-04
208,,,,1.0,,,,,,,,,,,,,2020-05-06
209,,,,1.0,,,,,,,,,,,,,2020-05-07
209,,,,0.0,,,,,,,,,,,,,2020-05-08
209,,,,,,,,,,3.0,,,,,,,2020-04-01
210,,,,0.0,,,,,,,,,,,,,2020-05-10
210,,,,,,,,,,1.0,,,,,,,2020-04-02
210,,,,1.0,,,,,,,,,,,,,2020-05-09
211,,,,,4.0,,,,,,,,,,,,2020-04-03
211,,,,0.0,,,,,,,,,,,,,2020-05-12
211,,,,,,,,,,,23.0,,,,,,2020-04-02
211,,,,1.0,,,,,,,,,,,,,2020-05-11
213,,,,,,,,6.0,,,,,,,,,2020-04-05
213,,,,2.0,,,,,,,,,,,,,2020-05-13
214,,,,,,27.0,,,,,,,,,,,2020-04-11
214,,,,1.0,,,,,,,,,,,,,2020-05-14
215,,,,0.0,,,,,,,,,,,,,2020-05-17
215,,,,1.0,,,,,,,,,,,,,2020-05-15
215,,,,,,,,,,5.0,,,,,,,2020-04-03
215,,,,0.0,,,,,,,,,,,,,2020-05-16
215,,,,0.0,,,,,,,,,,,,,2020-05-21
215,,,,0.0,,,,,,,,,,,,,2020-05-20
215,,,,0.0,,,,,,,,,,,,,2020-05-18
215,,,,0.0,,,,,,,,,,,,,2020-05-19
216,,,,0.0,,,,,,,,,,,,,2020-05-25
216,,,,0.0,,,,,,,,,,,,,2020-05-27
216,,,,0.0,,,,,,,,,,,,,2020-05-23
216,,,,0.0,,,,,,,,,,,,,2020-05-29
216,,,,0.0,,,,,,,,,,,,,2020-05-26
216,,,,0.0,,,,,,,,,,,,,2020-05-28
216,,,,0.0,,,,,,,,,,,,,2020-05-24
216,,,,1.0,,,,,,,,,,,,,2020-05-22
218,,,,2.0,,,,,,,,,,,,,2020-05-30
219,,,,,,,,6.0,,,,,,,,,2020-04-06
219,,,,1.0,,,,,,,,,,,,,2020-05-31
220,,,,,9.0,,,,,,,,,,,,2020-04-04
223,,,,,,,,,,,,31.0,,,,,2020-03-19
225,,,,,,11.0,,,,,,,,,,,2020-04-12
225,,,,,,0.0,,,,,,,,,,,2020-04-13
225,,,,,,,,,,10.0,,,,,,,2020-04-04
231,,,,,11.0,,,,,,,,,,,,2020-04-05
232,,,,13.0,,,,,,,,,,,,,2020-06-01
233,,,,1.0,,,,,,,,,,,,,2020-06-02
233,,,,0.0,,,,,,,,,,,,,2020-06-04
233,,,,,,,,14.0,,,,,,,,,2020-04-07
233,,,,0.0,,,,,,,,,,,,,2020-06-03
234,,,,1.0,,,,,,,,,,,,,2020-06-05
234,,,,0.0,,,,,,,,,,,,,2020-06-06
234,,,,0.0,,,,,,,,,,,,,2020-06-07
235,,,,1.0,,,,,,,,,,,,,2020-06-08
236,,,,,,11.0,,,,,,,,,,,2020-04-14
237,,,,,,,,4.0,,,,,,,,,2020-04-08
238,,,,,,,,,,13.0,,,,,,,2020-04-05
239,43.0,,,,,,,,,,,,,,,,2020-03-26
239,,,,,,,,,,,28.0,,,,,,2020-04-03
239,,,,,8.0,,,,,,,,,,,,2020-04-06
240,,,,,,,,,,2.0,,,,,,,2020-04-06
241,,,,,,,,4.0,,,,,,,,,2020-04-09
241,,,,,,,,,,1.0,,,,,,,2020-04-07
242,,,,,,,,,,,,,,59.0,,,2020-03-23
242,,,,,,,,1.0,,,,,,,,,2020-04-10
243,,,,,,,,1.0,,,,,,,,,2020-04-11
244,,,,,,,,1.0,,,,,,,,,2020-04-12
246,,,,,,,,,,,7.0,,,,,,2020-04-04
247,,,,,,,,3.0,,,,,,,,,2020-04-13
248,,,,,,,,,,7.0,,,,,,,2020-04-08
248,,,,,,,,,,0.0,,,,,,,2020-04-09
250,,,,,,,,,,2.0,,,,,,,2020-04-10
250,,,,,,,,0.0,,,,,,,,,2020-04-15
250,,,,,,,,3.0,,,,,,,,,2020-04-14
251,,,,,,,,1.0,,,,,,,,,2020-04-16
252,,,,,,,,0.0,,,,,,,,,2020-04-24
252,,,,,,,,0.0,,,,,,,,,2020-04-21
252,,,,,,,,0.0,,,,,,,,,2020-04-19
252,,,,,,,,1.0,,,,,,,,,2020-04-17
252,,,,,,,,0.0,,,,,,,,,2020-04-22
252,,,,,,,,0.0,,,,,,,,,2020-04-23
252,,,,,,,,0.0,,,,,,,,,2020-04-18
252,,,,,,,,0.0,,,,,,,,,2020-04-20
252,,,,,,,,0.0,,,,,,,,,2020-04-26
252,,,,,,,,0.0,,,,,,,,,2020-04-25
253,,,,,,,,0.0,,,,,,,,,2020-05-09
253,,,,,,,,0.0,,,,,,,,,2020-05-08
253,,,,,,,,1.0,,,,,,,,,2020-04-27
253,,,,,,,,0.0,,,,,,,,,2020-05-03
253,,,,,,,,0.0,,,,,,,,,2020-05-07
253,,,,,,,,0.0,,,,,,,,,2020-04-28
253,,,,,,,,0.0,,,,,,,,,2020-05-01
253,,,,,,,,0.0,,,,,,,,,2020-05-04
253,,,,,,,,0.0,,,,,,,,,2020-04-29
253,,,,,,,,0.0,,,,,,,,,2020-05-05
253,,,,,,,,0.0,,,,,,,,,2020-05-02
253,,,,,,,,0.0,,,,,,,,,2020-05-06
253,,,,,,17.0,,,,,,,,,,,2020-04-15
253,,,,,,,,0.0,,,,,,,,,2020-04-30
255,,,,,,,,0.0,,,,,,,,,2020-05-16
255,,,,,,,,0.0,,,,,,,,,2020-05-25
255,,,,,,,,0.0,,,,,,,,,2020-05-24
255,,,,,,,,0.0,,,,,,,,,2020-05-13
255,,,,,,,,0.0,,,,,,,,,2020-05-18
255,,,,,,,,2.0,,,,,,,,,2020-05-10
255,,,,,,,,0.0,,,,,,,,,2020-05-19
255,,,,,,,,0.0,,,,,,,,,2020-05-26
255,,,,,,,,0.0,,,,,,,,,2020-05-15
255,,,,,,,,0.0,,,,,,,,,2020-05-22
255,,,,,,,,0.0,,,,,,,,,2020-05-28
255,,,,,,,,0.0,,,,,,,,,2020-05-23
255,,,,,,,,0.0,,,,,,,,,2020-05-12
255,,,,,,,,0.0,,,,,,,,,2020-05-17
255,,,,,,,,0.0,,,,,,,,,2020-05-29
255,,,,,,,,0.0,,,,,,,,,2020-05-21
255,,,,,,,,0.0,,,,,,,,,2020-05-20
255,,,,,,,,0.0,,,,,,,,,2020-05-11
255,,,,,,,,0.0,,,,,,,,,2020-05-14
255,,,,,,,,0.0,,,,,,,,,2020-05-27
256,,,,,,,,0.0,,,,,,,,,2020-06-01
256,,,,,,,,0.0,,,,,,,,,2020-05-31
256,,,,,,,,1.0,,,,,,,,,2020-05-30
256,,,,,,,,0.0,,,,,,,,,2020-06-08
256,,,,,,,,0.0,,,,,,,,,2020-06-02
256,,,,,,,,0.0,,,,,,,,,2020-06-05
256,,,,,,,,0.0,,,,,,,,,2020-06-06
256,,,,,,,,0.0,,,,,,,,,2020-06-03
256,,,,,,,,0.0,,,,,,,,,2020-06-04
256,,,,,,,,0.0,,,,,,,,,2020-06-07
257,,,,,,,,,,,,,,15.0,,,2020-03-24
259,20.0,,,,,,,,,,,,,,,,2020-03-27
260,,,,,,,,,,10.0,,,,,,,2020-04-11
261,,,,,,,,,,,15.0,,,,,,2020-04-05
261,,,,,22.0,,,,,,,,,,,,2020-04-07
261,,,,,,8.0,,,,,,,,,,,2020-04-16
262,,,,,,1.0,,,,,,,,,,,2020-04-17
263,,,,,,,,,,,,40.0,,,,,2020-03-20
264,,,,,,2.0,,,,,,,,,,,2020-04-18
266,,,,,,,,,,6.0,,,,,,,2020-04-12
269,,,,,,5.0,,,,,,,,,,,2020-04-19
270,,,,,9.0,,,,,,,,,,,,2020-04-08
270,,,,,,,,,,,,,,13.0,,,2020-03-25
271,,,,,,2.0,,,,,,,,,,,2020-04-20
273,,,,,,,,,,,12.0,,,,,,2020-04-06
279,,,,,,8.0,,,,,,,,,,,2020-04-21
280,,,,,,,,,,14.0,,,,,,,2020-04-13
281,,,,,11.0,,,,,,,,,,,,2020-04-09
285,,,,,,,,,,5.0,,,,,,,2020-04-14
285,,,,,,6.0,,,,,,,,,,,2020-04-22
285,26.0,,,,,,,,,,,,,,,,2020-03-28
285,,,,,,,,,,0.0,,,,,,,2020-04-15
286,,,,,,1.0,,,,,,,,,,,2020-04-23
287,,,,,,1.0,,,,,,,,,,,2020-04-24
288,,,,,,0.0,,,,,,,,,,,2020-04-26
288,,,,,,0.0,,,,,,,,,,,2020-04-28
288,,,,,,,,,,3.0,,,,,,,2020-04-16
288,,,,,,1.0,,,,,,,,,,,2020-04-25
288,,,,,,,,,,,15.0,,,,,,2020-04-07
288,,,,,,0.0,,,,,,,,,,,2020-04-27
292,,,,,,,,,,,,29.0,,,,,2020-03-21
292,,,,,11.0,,,,,,,,,,,,2020-04-10
293,,,,,,5.0,,,,,,,,,,,2020-04-29
293,,,,,,,,,,5.0,,,,,,,2020-04-17
294,,,,,,1.0,,,,,,,,,,,2020-04-30
297,,,,,,3.0,,,,,,,,,,,2020-05-01
303,,,,,,,,,,10.0,,,,,,,2020-04-18
305,,,,,,0.0,,,,,,,,,,,2020-05-05
305,,,,,,0.0,,,,,,,,,,,2020-05-04
305,,,,,,0.0,,,,,,,,,,,2020-05-03
305,,,,,,0.0,,,,,,,,,,,2020-05-07
305,,,,,,8.0,,,,,,,,,,,2020-05-02
305,,,,,,0.0,,,,,,,,,,,2020-05-06
306,,,,,,0.0,,,,,,,,,,,2020-05-09
306,,,,,,,,,,,18.0,,,,,,2020-04-08
306,,,,,,1.0,,,,,,,,,,,2020-05-08
306,,,,,,,,,,3.0,,,,,,,2020-04-19
308,,,,,,,,,,0.0,,,,,,,2020-04-22
308,,,,,,,,,,0.0,,,,,,,2020-04-21
308,,,,,,2.0,,,,,,,,,,,2020-05-10
308,,,,,,,,,,2.0,,,,,,,2020-04-20
309,,,,,,,,,,1.0,,,,,,,2020-04-23
309,,,,,,,,,,,,17.0,,,,,2020-03-22
309,24.0,,,,,,,,,,,,,,,,2020-03-29
309,,,,,17.0,,,,,,,,,,,,2020-04-11
311,,,,,,,,,,0.0,,,,,,,2020-04-25
311,,,,,,,,,,0.0,,,,,,,2020-04-26
311,,,,,,,,,,2.0,,,,,,,2020-04-24
312,,,,,,,,,,1.0,,,,,,,2020-04-27
312,,,,,,4.0,,,,,,,,,,,2020-05-11
312,,,,,,0.0,,,,,,,,,,,2020-05-12
312,,,,,,,,,,,6.0,,,,,,2020-04-09
313,,,,,,,,,,1.0,,,,,,,2020-04-28
315,,,,,,,,,,2.0,,,,,,,2020-04-29
315,,,,,,3.0,,,,,,,,,,,2020-05-13
315,,,,,,,,,,0.0,,,,,,,2020-04-30
315,,,,,,,,,,0.0,,,,,,,2020-05-02
315,,,,,,,,,,0.0,,,,,,,2020-05-01
316,,,,,,,,,,0.0,,,,,,,2020-05-04
316,,,,,,,,,,1.0,,,,,,,2020-05-03
316,,,,,,,,,,0.0,,,,,,,2020-05-06
316,,,,,,,,,,0.0,,,,,,,2020-05-05
317,,,,,,,,,,0.0,,,,,,,2020-05-08
317,,,,,,,,,,1.0,,,,,,,2020-05-07
317,,,,,,,,,,0.0,,,,,,,2020-05-09
317,,,,,,,,,,0.0,,,,,,,2020-05-10
318,,,,,9.0,,,,,,,,,,,,2020-04-12
321,,,,,,,,,,,,,,51.0,,,2020-03-26
323,,,,,,8.0,,,,,,,,,,,2020-05-14
327,,,,,,,,,,10.0,,,,,,,2020-05-11
327,,,,,,,,,,,15.0,,,,,,2020-04-10
328,,,,,,,,,,1.0,,,,,,,2020-05-12
328,,,,,,5.0,,,,,,,,,,,2020-05-15
330,,,,,,,,,,0.0,,,,,,,2020-05-14
330,,,,,,,,,,0.0,,,,,,,2020-05-15
330,,,,,,,,,,2.0,,,,,,,2020-05-13
331,,,,,,,,,,1.0,,,,,,,2020-05-16
331,,,,,,,,,,0.0,,,,,,,2020-05-18
331,,,,,,,,,,0.0,,,,,,,2020-05-17
333,24.0,,,,,,,,,,,,,,,,2020-03-30
334,,,,,,,,,,,7.0,,,,,,2020-04-11
335,,,,,,7.0,,,,,,,,,,,2020-05-16
336,,,,,,1.0,,,,,,,,,,,2020-05-17
336,,,,,,0.0,,,,,,,,,,,2020-05-18
337,,,,,,,,,,,,,,16.0,,,2020-03-27
337,,,,,,,,,,6.0,,,,,,,2020-05-19
338,,,,,,0.0,,,,,,,,,,,2020-05-20
338,,,,,,,,,,1.0,,,,,,,2020-05-20
338,,,,,,2.0,,,,,,,,,,,2020-05-19
338,,,,,,,,,,0.0,,,,,,,2020-05-21
339,,,,,,1.0,,,,,,,,,,,2020-05-21
340,,,,,,,,,,2.0,,,,,,,2020-05-22
341,,,,,,2.0,,,,,,,,,,,2020-05-22
341,,,,,,,,,,1.0,,,,,,,2020-05-23
342,,,,,,,,,,,8.0,,,,,,2020-04-12
343,,,,,,,,,,0.0,,,,,,,2020-05-26
343,,,,,,,,,,2.0,,,,,,,2020-05-24
343,,,,,,,,,,0.0,,,,,,,2020-05-25
344,,,,,,,,,,,,,,7.0,,,2020-03-28
344,,,,,,0.0,,,,,,,,,,,2020-05-25
344,,,,,,0.0,,,,,,,,,,,2020-05-26
344,,,,,,0.0,,,,,,,,,,,2020-05-27
344,,,,,,,,,,1.0,,,,,,,2020-05-27
344,,,,,,3.0,,,,,,,,,,,2020-05-23
344,,,,,,,,,,0.0,,,,,,,2020-05-28
344,,,,,,0.0,,,,,,,,,,,2020-05-24
345,,,,,,1.0,,,,,,,,,,,2020-05-28
346,,,,,,1.0,,,,,,,,,,,2020-05-29
346,,,,,,,,,,2.0,,,,,,,2020-05-29
346,,,,,,,,,,0.0,,,,,,,2020-05-31
346,,,,,,,,,,0.0,,,,,,,2020-05-30
346,,,,,,0.0,,,,,,,,,,,2020-05-30
347,,,,,,,,,,1.0,,,,,,,2020-06-01
348,,,,,,,,,,1.0,,,,,,,2020-06-02
348,,,,,,,,,,,6.0,,,,,,2020-04-13
348,,,,,,,,,,0.0,,,,,,,2020-06-03
348,,,,,,,,,,0.0,,,,,,,2020-06-04
349,16.0,,,,,,,,,,,,,,,,2020-03-31
351,,,,,,,,,,0.0,,,,,,,2020-06-06
351,,,,,,,,,,3.0,,,,,,,2020-06-05
353,,,,,,,,,,2.0,,,,,,,2020-06-07
354,,,,,,,,,,,,45.0,,,,,2020-03-23
355,,,,,,,,,,2.0,,,,,,,2020-06-08
360,,,,,42.0,,,,,,,,,,,,2020-04-13
361,,,,,,15.0,,,,,,,,,,,2020-05-31
361,,,,,,0.0,,,,,,,,,,,2020-06-01
361,,,,,,0.0,,,,,,,,,,,2020-06-02
361,,,,,,0.0,,,,,,,,,,,2020-06-03
362,,,,,2.0,,,,,,,,,,,,2020-04-14
362,,,,,,1.0,,,,,,,,,,,2020-06-04
363,,,,,,0.0,,,,,,,,,,,2020-06-08
363,,,,,,0.0,,,,,,,,,,,2020-06-06
363,,,,,,0.0,,,,,,,,,,,2020-06-07
363,,,,,1.0,,,,,,,,,,,,2020-04-15
363,,,,,,1.0,,,,,,,,,,,2020-06-05
363,,,,,,,,,,,15.0,,,,,,2020-04-14
368,19.0,,,,,,,,,,,,,,,,2020-04-01
371,,,,,,,,,,,8.0,,,,,,2020-04-15
372,,,,,,,,,,,,,,28.0,,,2020-03-29
381,,,,,,,,,,,,27.0,,,,,2020-03-24
387,,,,,,,,,,,16.0,,,,,,2020-04-16
389,,,,,26.0,,,,,,,,,,,,2020-04-16
395,27.0,,,,,,,,,,,,,,,,2020-04-02
396,,,,,,,,,,,,,,24.0,,,2020-03-30
397,,,,,,,,,,,10.0,,,,,,2020-04-17
402,,,,,13.0,,,,,,,,,,,,2020-04-17
403,,,,,,,,,,,6.0,,,,,,2020-04-18
405,,,,,3.0,,,,,,,,,,,,2020-04-18
405,,,,,0.0,,,,,,,,,,,,2020-04-19
408,,,,,3.0,,,,,,,,,,,,2020-04-20
408,,,,,,,,,,,5.0,,,,,,2020-04-19
409,,,,,1.0,,,,,,,,,,,,2020-04-21
411,,,,,2.0,,,,,,,,,,,,2020-04-22
414,,,,,,,,,,,6.0,,,,,,2020-04-20
416,21.0,,,,,,,,,,,,,,,,2020-04-03
422,6.0,,,,,,,,,,,,,,,,2020-04-04
430,,,,,,,,,,,,,,34.0,,,2020-03-31
431,,,,,20.0,,,,,,,,,,,,2020-04-23
433,,,,,0.0,,,,,,,,,,,,2020-04-25
433,,,,,2.0,,,,,,,,,,,,2020-04-24
434,,,,,1.0,,,,,,,,,,,,2020-04-26
435,,,,,,,,,,,,54.0,,,,,2020-03-25
435,,,,,1.0,,,,,,,,,,,,2020-04-27
436,,,,,1.0,,,,,,,,,,,,2020-04-28
436,,,,,,,,,,,22.0,,,,,,2020-04-21
438,16.0,,,,,,,,,,,,,,,,2020-04-05
455,,,,,,,,,,,,,,25.0,,,2020-04-01
455,,,,,,,,,,,19.0,,,,,,2020-04-22
459,,,,,,,,,,,4.0,,,,,,2020-04-23
468,30.0,,,,,,,,,,,,,,,,2020-04-06
468,,,,,,,,,,,9.0,,,,,,2020-04-24
478,10.0,,,,,,,,,,,,,,,,2020-04-07
478,,,,,,,,,,,10.0,,,,,,2020-04-25
485,,,,,,,,,,,7.0,,,,,,2020-04-26
488,,,,,,,,,,,,,,33.0,,,2020-04-02
488,,,,,,,,,,,3.0,,,,,,2020-04-27
496,18.0,,,,,,,,,,,,,,,,2020-04-08
496,,,,,,,,,,,8.0,,,,,,2020-04-28
502,,,,,,,,,,,6.0,,,,,,2020-04-29
503,7.0,,,,,,,,,,,,,,,,2020-04-09
507,,,,,,,,,,,5.0,,,,,,2020-04-30
508,,,,,72.0,,,,,,,,,,,,2020-04-29
509,,,,,,,,,,,2.0,,,,,,2020-05-01
510,,,,,,,,,,,,75.0,,,,,2020-03-26
513,,,,,0.0,,,,,,,,,,,,2020-05-01
513,,,,,5.0,,,,,,,,,,,,2020-04-30
518,,,,,,,,,,,9.0,,,,,,2020-05-02
521,,,,,8.0,,,,,,,,,,,,2020-05-02
523,,,,,,,,,,,0.0,,,,,,2020-05-04
523,,,,,,,,,,,5.0,,,,,,2020-05-03
523,20.0,,,,,,,,,,,,,,,,2020-04-10
525,,,,,,,,,,,2.0,,,,,,2020-05-05
536,,,,,,,,,,,11.0,,,,,,2020-05-06
537,,,,,,,,,,,1.0,,,,,,2020-05-07
538,,,,,,,,,,,1.0,,,,,,2020-05-08
542,,,,,,,,,,,4.0,,,,,,2020-05-09
543,,,,,,,,,,,,,,55.0,,,2020-04-03
543,,,,,,,,,,,0.0,,,,,,2020-05-11
543,,,,,,,,,,,0.0,,,,,,2020-05-12
543,,,,,,,,,,,1.0,,,,,,2020-05-10
544,,,,,,,,,,,0.0,,,,,,2020-05-14
544,21.0,,,,,,,,,,,,,,,,2020-04-11
544,,,,,,,,,,,0.0,,,,,,2020-05-18
544,,,,,,,,,,,0.0,,,,,,2020-05-15
544,,,,,,,,,,,1.0,,,,,,2020-05-13
544,,,,,,,,,,,0.0,,,,,,2020-05-21
544,,,,,,,,,,,0.0,,,,,,2020-05-20
544,,,,,,,,,,,0.0,,,,,,2020-05-17
544,,,,,,,,,,,0.0,,,,,,2020-05-16
544,,,,,,,,,,,0.0,,,,,,2020-05-19
545,,,,,,,,,,,0.0,,,,,,2020-05-24
545,,,,,,,,,,,1.0,,,,,,2020-05-22
545,,,,,,,,,,,0.0,,,,,,2020-05-23
546,,,,,,,,,,,,36.0,,,,,2020-03-27
549,,,,,,,,,,,0.0,,,,,,2020-05-26
549,,,,,,,,,,,4.0,,,,,,2020-05-25
552,,,,,,,,,,,3.0,,,,,,2020-05-27
552,,,,,,,,,,,0.0,,,,,,2020-06-04
552,,,,,,,,,,,0.0,,,,,,2020-06-03
552,,,,,,,,,,,0.0,,,,,,2020-05-29
552,,,,,,,,,,,0.0,,,,,,2020-05-31
552,,,,,,,,,,,0.0,,,,,,2020-06-02
552,,,,,,,,,,,0.0,,,,,,2020-06-01
552,,,,,,,,,,,0.0,,,,,,2020-05-30
552,,,,,,,,,,,0.0,,,,,,2020-05-28
553,,,,,,,,,,,1.0,,,,,,2020-06-05
555,,,,,,,,,,,0.0,,,,,,2020-06-07
555,,,,,,,,,,,2.0,,,,,,2020-06-06
555,,,,,,,,,,,0.0,,,,,,2020-06-08
558,14.0,,,,,,,,,,,,,,,,2020-04-12
579,,,,,,,,,,,,33.0,,,,,2020-03-28
579,21.0,,,,,,,,,,,,,,,,2020-04-13
587,8.0,,,,,,,,,,,,,,,,2020-04-14
592,,,,,71.0,,,,,,,,,,,,2020-05-03
595,,,,,,,,,,,,,,52.0,,,2020-04-04
598,,,,,6.0,,,,,,,,,,,,2020-05-04
598,,,,,0.0,,,,,,,,,,,,2020-05-05
600,,,,,2.0,,,,,,,,,,,,2020-05-06
600,,,,,0.0,,,,,,,,,,,,2020-05-07
601,14.0,,,,,,,,,,,,,,,,2020-04-15
612,,,,,,,,,,,,33.0,,,,,2020-03-29
614,13.0,,,,,,,,,,,,,,,,2020-04-16
622,,,,,,,,,,,,,,27.0,,,2020-04-05
623,9.0,,,,,,,,,,,,,,,,2020-04-17
639,16.0,,,,,,,,,,,,,,,,2020-04-18
640,,,,,,,,,,,,,,18.0,,,2020-04-06
642,3.0,,,,,,,,,,,,,,,,2020-04-19
644,2.0,,,,,,,,,,,,,,,,2020-04-20
645,1.0,,,,,,,,,,,,,,,,2020-04-21
648,3.0,,,,,,,,,,,,,,,,2020-04-22
651,3.0,,,,,,,,,,,,,,,,2020-04-23
653,,,,,53.0,,,,,,,,,,,,2020-05-08
655,0.0,,,,,,,,,,,,,,,,2020-04-25
655,4.0,,,,,,,,,,,,,,,,2020-04-24
659,4.0,,,,,,,,,,,,,,,,2020-04-26
659,0.0,,,,,,,,,,,,,,,,2020-04-27
660,1.0,,,,,,,,,,,,,,,,2020-04-28
660,0.0,,,,,,,,,,,,,,,,2020-04-29
663,3.0,,,,,,,,,,,,,,,,2020-04-30
666,3.0,,,,,,,,,,,,,,,,2020-05-01
667,0.0,,,,,,,,,,,,,,,,2020-05-06
667,0.0,,,,,,,,,,,,,,,,2020-05-07
667,0.0,,,,,,,,,,,,,,,,2020-05-05
667,0.0,,,,,,,,,,,,,,,,2020-05-12
667,0.0,,,,,,,,,,,,,,,,2020-05-03
667,0.0,,,,,,,,,,,,,,,,2020-05-08
667,0.0,,,,,,,,,,,,,,,,2020-05-04
667,1.0,,,,,,,,,,,,,,,,2020-05-02
667,0.0,,,,,,,,,,,,,,,,2020-05-13
667,0.0,,,,,,,,,,,,,,,,2020-05-10
667,0.0,,,,,,,,,,,,,,,,2020-05-11
667,0.0,,,,,,,,,,,,,,,,2020-05-09
668,0.0,,,,,,,,,,,,,,,,2020-05-15
668,0.0,,,,,,,,,,,,,,,,2020-05-17
668,0.0,,,,,,,,,,,,,,,,2020-05-16
668,1.0,,,,,,,,,,,,,,,,2020-05-14
668,0.0,,,,,,,,,,,,,,,,2020-05-18
669,0.0,,,,,,,,,,,,,,,,2020-05-21
669,1.0,,,,,,,,,,,,,,,,2020-05-19
669,0.0,,,,,,,,,,,,,,,,2020-05-20
669,0.0,,,,,,,,,,,,,,,,2020-05-22
670,1.0,,,,,,,,,,,,,,,,2020-05-23
671,0.0,,,,,,,,,,,,,,,,2020-05-28
671,,,,,,,,,,,,,,31.0,,,2020-04-07
671,0.0,,,,,,,,,,,,,,,,2020-05-27
671,0.0,,,,,,,,,,,,,,,,2020-05-25
671,1.0,,,,,,,,,,,,,,,,2020-05-24
671,0.0,,,,,,,,,,,,,,,,2020-05-26
672,,,,,,,,,,,,60.0,,,,,2020-03-30
674,3.0,,,,,,,,,,,,,,,,2020-05-29
675,0.0,,,,,,,,,,,,,,,,2020-06-01
675,0.0,,,,,,,,,,,,,,,,2020-05-31
675,1.0,,,,,,,,,,,,,,,,2020-05-30
676,0.0,,,,,,,,,,,,,,,,2020-06-04
676,0.0,,,,,,,,,,,,,,,,2020-06-07
676,1.0,,,,,,,,,,,,,,,,2020-06-02
676,0.0,,,,,,,,,,,,,,,,2020-06-05
676,0.0,,,,,,,,,,,,,,,,2020-06-08
676,0.0,,,,,,,,,,,,,,,,2020-06-06
676,0.0,,,,,,,,,,,,,,,,2020-06-03
681,,,,,28.0,,,,,,,,,,,,2020-05-09
685,,,,,,,,,,,,,,14.0,,,2020-04-08
699,,,,,,,,,,,,,,14.0,,,2020-04-09
704,,,,,,,,,,,,32.0,,,,,2020-03-31
713,,,,,,,,,,,,,,14.0,,,2020-04-10
726,,,,,,,,,,,,22.0,,,,,2020-04-01
726,,,,,45.0,,,,,,,,,,,,2020-05-10
742,,,,,16.0,,,,,,,,,,,,2020-05-11
742,,,,,0.0,,,,,,,,,,,,2020-05-12
759,,,,,,,,,,,,,,46.0,,,2020-04-11
764,,,,,22.0,,,,,,,,,,,,2020-05-13
775,,,,,11.0,,,,,,,,,,,,2020-05-14
776,,,,,0.0,,,,,,,,,,,,2020-05-18
776,,,,,0.0,,,,,,,,,,,,2020-05-16
776,,,,,1.0,,,,,,,,,,,,2020-05-15
776,,,,,0.0,,,,,,,,,,,,2020-05-19
776,,,,,0.0,,,,,,,,,,,,2020-05-20
776,,,,,0.0,,,,,,,,,,,,2020-05-17
778,,,,,2.0,,,,,,,,,,,,2020-05-21
791,,,,,13.0,,,,,,,,,,,,2020-05-22
792,,,,,0.0,,,,,,,,,,,,2020-05-25
792,,,,,1.0,,,,,,,,,,,,2020-05-23
792,,,,,0.0,,,,,,,,,,,,2020-05-24
793,,,,,0.0,,,,,,,,,,,,2020-05-28
793,,,,,0.0,,,,,,,,,,,,2020-05-27
793,,,,,1.0,,,,,,,,,,,,2020-05-26
800,,,,,,,,,,,,74.0,,,,,2020-04-02
803,,,,,,,,,,,,,,44.0,,,2020-04-12
830,,,,,,,,,,,,,,27.0,,,2020-04-13
852,,,,,59.0,,,,,,,,,,,,2020-05-29
856,,,,,4.0,,,,,,,,,,,,2020-05-30
858,,,,,2.0,,,,,,,,,,,,2020-05-31
860,,,,,2.0,,,,,,,,,,,,2020-06-01
863,,,,,,,,,,,,63.0,,,,,2020-04-03
866,,,,,6.0,,,,,,,,,,,,2020-06-02
890,,,,,,,,,,,,27.0,,,,,2020-04-04
899,,,,,,,,,,,,,,69.0,,,2020-04-14
902,,,,,36.0,,,,,,,,,,,,2020-06-03
905,,,,,3.0,,,,,,,,,,,,2020-06-04
905,,,,,0.0,,,,,,,,,,,,2020-06-05
910,,,,,5.0,,,,,,,,,,,,2020-06-06
911,,,,,1.0,,,,,,,,,,,,2020-06-07
911,,,,,0.0,,,,,,,,,,,,2020-06-08
926,,,,,,,,,,,,,,27.0,,,2020-04-15
943,,,,,,,,,,,,53.0,,,,,2020-04-05
952,,,,,,,,,,,,,,26.0,,,2020-04-16
970,,,,,,,,,,,,27.0,,,,,2020-04-06
971,,,,,,,,,,,,,,19.0,,,2020-04-17
985,,,,,,,,,,,,,,14.0,,,2020-04-18
1004,,,,,,,,,,,,,,19.0,,,2020-04-19
1008,,,,,,,,,,,,,,4.0,,,2020-04-20
1020,,,,,,,,,,,,50.0,,,,,2020-04-07
1021,,,,,,,,,,,,,,13.0,,,2020-04-21
1037,,,,,,,,,,,,,,16.0,,,2020-04-22
1066,,,,,,,,,,,,,,29.0,,,2020-04-23
1078,,,,,,,,,,,,58.0,,,,,2020-04-08
1115,,,,,,,,,,,,,,49.0,,,2020-04-24
1118,,,,,,,,,,,,40.0,,,,,2020-04-09
1148,,,,,,,,,,,,30.0,,,,,2020-04-10
1154,,,,,,,,,,,,,,39.0,,,2020-04-25
1170,,,,,,,,,,,,,,16.0,,,2020-04-26
1183,,,,,,,,,,,,35.0,,,,,2020-04-11
1200,,,,,,,,,,,,,,30.0,,,2020-04-27
1214,,,,,,,,,,,,,,14.0,,,2020-04-28
1222,,,,,,,,,,,,,,8.0,,,2020-04-29
1232,,,,,,,,,,,,,,10.0,,,2020-04-30
1236,,,,,,,,,,,,53.0,,,,,2020-04-12
1249,,,,,,,,,,,,13.0,,,,,2020-04-13
1264,,,,,,,,,,,,,,32.0,,,2020-05-01
1278,,,,,,,,,,,,,,14.0,,,2020-05-02
1299,,,,,,,,,,,,50.0,,,,,2020-04-14
1308,,,,,,,,,,,,,,30.0,,,2020-05-03
1316,,,,,,,,,,,,17.0,,,,,2020-04-15
1329,,,,,,,,,,,,13.0,,,,,2020-04-16
1333,,,,,,,,,,,,,,25.0,,,2020-05-04
1338,,,,,,,,,,,,9.0,,,,,2020-04-17
1340,,,,,,,,,,,,2.0,,,,,2020-04-18
1343,,,,,,,,,,,,3.0,,,,,2020-04-19
1345,,,,,,,,,,,,2.0,,,,,2020-04-20
1356,,,,,,,,,,,,11.0,,,,,2020-04-21
1356,,,,,,,,,,,,,,23.0,,,2020-05-05
1357,,,,,,,,,,,,1.0,,,,,2020-04-22
1369,,,,,,,,,,,,12.0,,,,,2020-04-23
1378,,,,,,,,,,,,,,22.0,,,2020-05-06
1387,,,,,,,,,,,,18.0,,,,,2020-04-24
1388,,,,,,,,,,,,1.0,,,,,2020-04-25
1394,,,,,,,,,,,,6.0,,,,,2020-04-26
1398,,,,,,,,,,,,4.0,,,,,2020-04-27
1398,,,,,,,,,,,,,,20.0,,,2020-05-07
1403,,,,,,,,,,,,5.0,,,,,2020-04-28
1404,,,,,,,,,,,,,,6.0,,,2020-05-08
1404,,,,,,,,,,,,1.0,,,,,2020-04-29
1414,,,,,,,,,,,,,,10.0,,,2020-05-09
1423,,,,,,,,,,,,,,9.0,,,2020-05-10
1431,,,,,,,,,,,,27.0,,,,,2020-04-30
1455,,,,,,,,,,,,24.0,,,,,2020-05-01
1458,,,,,,,,,,,,,,35.0,,,2020-05-11
1470,,,,,,,,,,,,,,12.0,,,2020-05-12
1475,,,,,,,,,,,,,,5.0,,,2020-05-13
1493,,,,,,,,,,,,,,18.0,,,2020-05-14
1508,,,,,,,,,,,,,,15.0,,,2020-05-15
1515,,,,,,,,,,,,,,7.0,,,2020-05-16
1518,,,,,,,,,,,,63.0,,,,,2020-05-02
1528,,,,,,,,,,,,,,13.0,,,2020-05-17
1529,,,,,,,,,,,,11.0,,,,,2020-05-03
1550,,,,,,,,,,,,21.0,,,,,2020-05-04
1555,,,,,,,,,,,,5.0,,,,,2020-05-05
1564,,,,,,,,,,,,9.0,,,,,2020-05-06
1566,,,,,,,,,,,,,,38.0,,,2020-05-18
1580,,,,,,,,,,,,16.0,,,,,2020-05-07
1586,,,,,,,,,,,,6.0,,,,,2020-05-08
1588,,,,,,,,,,,,,,22.0,,,2020-05-19
1596,,,,,,,,,,,,10.0,,,,,2020-05-09
1598,,,,,,,,,,,,,,10.0,,,2020-05-20
1604,,,,,,,,,,,,8.0,,,,,2020-05-10
1607,,,,,,,,,,,,3.0,,,,,2020-05-11
1610,,,,,,,,,,,,3.0,,,,,2020-05-12
1612,,,,,,,,,,,,2.0,,,,,2020-05-13
1613,,,,,,,,,,,,1.0,,,,,2020-05-14
1627,,,,,,,,,,,,14.0,,,,,2020-05-15
1628,,,,,,,,,,,,1.0,,,,,2020-05-16
1636,,,,,,,,,,,,8.0,,,,,2020-05-17
1637,,,,,,,,,,,,,,39.0,,,2020-05-21
1644,,,,,,,,,,,,8.0,,,,,2020-05-18
1650,,,,,,,,,,,,6.0,,,,,2020-05-19
1665,,,,,,,,,,,,15.0,,,,,2020-05-20
1673,,,,,,,,,,,,8.0,,,,,2020-05-21
1676,,,,,,,,,,,,,,39.0,,,2020-05-22
1681,,,,,,,,,,,,,,5.0,,,2020-05-23
1692,,,,,,,,,,,,,,11.0,,,2020-05-24
1693,,,,,,,,,,,,20.0,,,,,2020-05-22
1730,,,,,,,,,,,,37.0,,,,,2020-05-23
1776,,,,,,,,,,,,46.0,,,,,2020-05-24
1807,,,,,,,,,,,,,,115.0,,,2020-05-25
1829,,,,,,,,,,,,53.0,,,,,2020-05-25
1838,,,,,,,,,,,,9.0,,,,,2020-05-26
1843,,,,,,,,,,,,5.0,,,,,2020-05-27
1845,,,,,,,,,,,,2.0,,,,,2020-05-28
1873,,,,,,,,,,,,28.0,,,,,2020-05-29
1878,,,,,,,,,,,,5.0,,,,,2020-05-30
1909,,,,,,,,,,,,31.0,,,,,2020-05-31
1920,,,,,,,,,,,,11.0,,,,,2020-06-01
1926,,,,,,,,,,,,6.0,,,,,2020-06-02
1928,,,,,,,,,,,,2.0,,,,,2020-06-03
1930,,,,,,,,,,,,2.0,,,,,2020-06-04
1939,,,,,,,,,,,,9.0,,,,,2020-06-05
1953,,,,,,,,,,,,14.0,,,,,2020-06-06
1965,,,,,,,,,,,,12.0,,,,,2020-06-07
1968,,,,,,,,,,,,3.0,,,,,2020-06-08
1984,,,,,,,,,,,,,,177.0,,,2020-05-26
1990,,,,,,,,,,,,,,6.0,,,2020-05-27
1997,,,,,,,,,,,,,,7.0,,,2020-05-28
2007,,,,,,,,,,,,,,10.0,,,2020-05-29
2020,,,,,,,,,,,,,,13.0,,,2020-05-30
2028,,,,,,,,,,,,,,8.0,,,2020-05-31
2039,,,,,,,,,,,,,,11.0,,,2020-06-01
2044,,,,,,,,,,,,,,5.0,,,2020-06-02
2099,,,,,,,,,,,,,,55.0,,,2020-06-03
2370,,,,,,,,,,,,,,271.0,,,2020-06-04
2374,,,,,,,,,,,,,,4.0,,,2020-06-05
2389,,,,,,,,,,,,,,15.0,,,2020-06-06
2393,,,,,,,,,,,,,,4.0,,,2020-06-07
2394,,,,,,,,,,,,,,1.0,,,2020-06-08
